name,id
Dianthus engleri,1531994
Anacolosa frutescens,1618138
Hymenophyllum plicatum,638568
Dolichos oliveri,1094718
Kalanchoe montana,441235
Caladenia plicata,672428
Eriospermum eriophorum,46326
Alepidea serrata,393501
Adiantum wilsonii,1481321
Ficus maxima,100557
Cussonia spicata,46391
Sulla coronaria,299721
Lindsaea ulei,641202
Eryngium ovinum,477894
Gymnosiphon bekensis,516741
Clematis aristata,1842747
Centaurea cordubensis,351321
Taraxacum hypochaeris,58643
Andryala laxiflora,1571141
Gahnia setifolia,372390
Eugenia crassa,2014551
Gymnocalycium amerhauseri,762112
Ixora bauchiensis,591723
Acridocarpus spectabilis,1027050
Paullinia trigonia,82140
Calliandra calothyrsus,560018
Oziroe biflora,51447
Congea tomentosa,41381
Sphaeropteris verrucosa,588438
Haloragis trigonocarpa,434538
Trichilia catigua,1640457
Oxytropis nigrescens,180077
Nemophila maculata,113206
Lathyrus vaniotii,313119
Urtica lobata,27921
Callilepis laureola,112345
Wahlenbergia paniculata,1005603
Daviesia latipes,1547247
Rhus hypoleuca,1008933
Draba ramulosa,171825
Rhododendron coryanum,479665
Rhipsalis sulcata,722850
Ptychopyxis caput-medusae,1504484
Machaerium ruddianum,1954623
Halocnemum cruciatum,1943625
Croton levatii,1704620
Allocasuarina fibrosa,228118
Wettinia disticha,1551443
Saussurea discolor,143209
Attalea burretiana,682602
Weissia exserta,1891216
Myrsine guianensis,681410
Eminium jaegeri,578879
Amorphophallus declinatus,328163
Dialium cochinchinense,162741
Carex tincta,314481
Lithospermum erythrorhizon,34254
Heterostemma acuminatum,236000
Acianthera cerberus,46266
Oenocarpus mapora,446121
Bourreria sonorae,1443954
Indigofera lyallii,539106
Aglaia exstipulata,306503
Allocarya asperula,25003
Nautilocalyx coccineus,352317
Geodorum eulophioides,1432737
Handroanthus ochraceus,429707
Deutzia taiwanensis,1623387
Eugenia woodburyana,1465308
Iochroma confertiflorum,362355
Eurycoma longifolia,458531
Kniphofia evansii,555903
Frankenia neglecta,1924105
Loxogramme carinata,702550
Dyckia floribunda,1520621
Warneckea sansibarica,323221
Dioscorea stipulosa,1714342
Solanum aligerum,205527
Arabis nepetifolia,1399936
Iberis odorata,1124159
Asplenium subflexuosum,1698324
Acacia jonesii,198750
Allium membranaceum,472417
Rhaponticum rhaponticum,362626
Crucihimalaya bursifolia,97978
Struthanthus woodsonii,529598
Heterostemon ellipticus,520132
Elaeocarpus amplifolius,1085426
Stimpsonia chamaedryoides,191057
Themistoclesia epiphytica,180740
Saussurea hookeri,238943
Cotyledon tomentosa,91073
Sparattanthelium uncigerum,651348
Cestrum laevigatum,1237510
Helictotrichon sedenense,100805
Astragalus xiphidium,1193453
Laserpitium siler,40869
Phippsia montana,441235
Nymphaea bella,232244
Bunium cornigerum,377478
Lepisorus onoei,699684
Anaphalis javanica,59420
Stenotis arenaria,54972
Eucalyptus chloroclada,338534
Lychnophoriopsis damazioi,1569425
Oxalis humbertii,196541
Senecio subsessilis,1886461
Bromus leptoclados,1755039
Phacelia eremophila,255893
Sinningia lindleyi,171337
Carex mucronata,241219
Gilliesia graminea,51450
Newcastelia spodiotricha,664387
Herrania kanukuensis,108871
Gnidia polystachya,1053352
Eriosyce senilis,1131676
Sphagnum exquisitum,231101
Claytonia megarhiza,146102
Trichomanes asae-grayi,381224
Drosera kaieteurensis,173407
Leutea nematoloba,1514066
Solanum lanzae,1670882
Physalis allogona,1651249
Mocinnodaphne cinnamomoidea,128644
Ardisia trichogyne,112403
Agapetes moorei,1633910
Petrocosmea shilinensis,1679517
Apodasmia chilensis,140585
Aspasia silvana,590224
Mammillaria compressa,867412
